case_id,act_name
1,c
1,h
3,a
4,b
4,f
4,v
4,e
4,b
4,v
4,b
4,v
4,b
4,w
4,x
4,z
4,t
4,m
4,u
4,i
4,p
4,g
4,o
4,r
4,d
5,e
5,b
5,v
5,b
5,w
5,m
5,u
5,i
5,o
5,g
5,q
5,y
5,g
5,q
5,y
5,g
5,q
5,y
5,g
5,r
5,d
7,h
9,a
9,e
9,b
9,f
9,w
9,m
9,t
9,z
9,x
9,u
9,g
9,q
9,i
9,p
9,y
9,o
9,g
9,r
9,d
10,c
11,c
13,h
13,c
15,f
15,e
15,b
15,v
15,b
15,v
15,b
15,w
15,s
15,o
15,g
15,i
15,r
15,d
16,h
18,a
19,f
19,b
19,c
19,v
19,b
19,w
19,s
19,n
19,i
19,d
20,c
20,h
21,j
21,k
22,e
22,a
22,b
22,f
22,v
22,b
22,w
22,m
22,t
22,m
22,t
22,x
22,z
22,u
22,i
22,n
22,d
23,b
23,e
23,c
23,v
23,b
23,v
23,b
23,w
23,s
23,p
23,o
23,g
23,i
23,q
23,y
23,g
23,r
23,d
24,c
25,c
25,b
25,f
25,k
25,j
25,v
25,b
25,v
25,b
25,w
25,s
25,i
25,n
25,d
26,e
26,b
26,v
26,b
26,w
26,s
26,o
26,i
26,p
26,g
26,r
26,d
27,l
29,f
29,l
29,b
29,v
29,b
29,w
29,x
29,t
29,m
29,u
29,o
29,g
29,i
29,r
29,d
30,e
30,b
30,k
30,f
30,v
30,j
30,b
30,v
30,b
30,w
30,z
30,x
30,u
30,p
30,i
30,g
30,q
30,y
30,g
30,q
30,y
30,g
30,r
30,d
31,h
31,c
33,e
33,b
33,v
33,f
33,b
33,w
33,s
33,g
33,p
33,i
33,r
33,d
34,c
35,j
35,k
36,h
37,c
37,f
37,b
37,v
37,e
37,l
37,b
37,w
37,s
37,i
37,n
37,d
38,f
38,b
38,w
38,a
38,e
38,z
38,t
38,z
38,t
38,m
38,u
38,n
38,i
38,d
41,k
41,j
41,c
42,c
42,l
43,k
43,j
44,l
45,k
45,j
46,a
46,c
47,k
47,e
47,b
47,f
47,j
47,w
47,s
47,g
47,o
47,i
47,r
47,p
47,d
48,k
48,j
48,b
48,e
48,w
48,s
48,g
48,o
48,q
48,p
48,i
48,y
48,g
48,q
48,y
48,g
48,q
48,y
48,g
48,q
48,y
48,g
48,q
48,y
48,g
48,q
48,y
48,g
48,r
48,d
49,c
50,e
50,f
50,j
50,k
50,b
50,v
50,b
50,v
50,b
50,v
50,b
50,v
50,b
50,v
50,b
50,w
50,s
50,i
50,n
50,d
51,b
51,l
51,v
51,b
51,e
51,v
51,b
51,v
51,b
51,v
51,b
51,w
51,x
51,u
51,i
51,n
51,d
52,l
54,a
58,j
58,k
59,k
59,j
59,b
59,c
59,f
59,v
59,b
59,w
59,s
59,i
59,n
59,d
60,a
61,k
61,j
61,c
62,h
63,c
64,a
64,c
65,l
66,j
66,c
66,k
67,c
67,h
69,j
69,e
69,b
69,k
69,w
69,s
69,n
69,i
69,d
72,b
72,e
72,f
72,h
72,w
72,s
72,p
72,g
72,i
72,q
72,y
72,g
72,r
72,d
73,c
73,a
74,f
74,e
74,b
74,w
74,s
74,p
74,o
74,g
74,i
74,q
74,y
74,g
74,r
74,d
75,l
76,h
76,f
76,b
76,w
76,s
76,n
76,i
76,d
78,e
78,a
78,f
78,b
78,v
78,b
78,w
78,s
78,i
78,g
78,q
78,o
78,p
78,y
78,g
78,r
78,d
79,a
80,h
81,b
81,c
81,e
81,f
81,v
81,b
81,v
81,b
81,w
81,s
81,g
81,i
81,p
81,r
81,d
82,b
82,w
82,s
82,h
82,f
82,i
82,n
82,d
83,c
84,k
84,j
85,a
86,h
87,c
87,h
88,h
89,h
90,h
90,c
91,a
91,f
91,e
91,b
91,w
91,s
91,n
91,i
91,d
94,a
95,a
97,f
97,b
97,w
97,s
97,n
97,i
97,d
98,l
98,c
101,a
101,c
102,h
103,f
103,l
103,e
103,c
103,b
103,v
103,b
103,w
103,s
103,i
103,n
103,d
104,e
104,f
104,k
104,j
104,b
104,w
104,s
104,n
104,i
104,d
105,k
105,e
105,f
105,j
105,b
105,v
105,b
105,v
105,b
105,w
105,s
105,n
105,i
105,d
107,e
107,f
107,b
107,v
107,b
107,w
107,z
107,u
107,i
107,n
107,d
108,b
108,e
108,f
108,v
108,b
108,w
108,s
108,n
108,i
108,d
109,a
109,c
110,l
111,c
113,l
113,c
114,h
114,c
115,b
115,v
115,f
115,e
115,b
115,w
115,m
115,u
115,i
115,g
115,q
115,y
115,p
115,g
115,q
115,y
115,g
115,r
115,d
116,c
117,b
117,w
117,e
117,m
117,f
117,u
117,i
117,o
117,g
117,q
117,y
117,g
117,q
117,y
117,g
117,r
117,d
118,a
119,a
120,k
120,j
121,c
121,e
121,b
121,w
121,m
121,t
121,z
121,t
121,x
121,t
121,m
121,t
121,m
121,u
121,o
121,i
121,g
121,q
121,y
121,g
121,r
121,d
124,f
124,b
124,v
124,b
124,w
124,m
124,u
124,n
124,i
124,d
125,c
125,a
127,a
128,f
128,k
128,e
128,j
128,b
128,w
128,m
128,u
128,p
128,i
128,g
128,q
128,y
128,g
128,r
128,d
130,h
131,b
131,e
131,v
131,b
131,w
131,s
131,g
131,q
131,o
131,i
131,p
131,y
131,g
131,r
131,d
133,l
134,c
134,b
134,a
134,f
134,v
134,b
134,w
134,s
134,i
134,n
134,d
135,a
136,a
136,b
136,v
136,e
136,b
136,v
136,b
136,w
136,s
136,n
136,i
136,d
137,f
137,b
137,v
137,e
137,b
137,w
137,s
137,i
137,n
137,d
139,k
139,j
139,f
139,b
139,c
139,v
139,b
139,v
139,b
139,w
139,s
139,p
139,g
139,o
139,i
139,q
139,y
139,g
139,q
139,y
139,g
139,q
139,y
139,g
139,r
139,d
140,b
140,e
140,h
140,c
140,v
140,b
140,w
140,m
140,t
140,z
140,x
140,u
140,p
140,g
140,i
140,o
140,q
140,y
140,g
140,r
140,d
142,c
143,b
143,e
143,w
143,s
143,o
143,p
143,i
143,g
143,q
143,y
143,g
143,r
143,d
145,e
145,b
145,c
145,f
145,v
145,b
145,v
145,b
145,w
145,s
145,i
145,p
145,o
145,g
145,r
145,d
146,h
147,e
147,k
147,j
147,f
147,b
147,c
147,w
147,x
147,z
147,t
147,m
147,t
147,z
147,t
147,z
147,x
147,t
147,z
147,x
147,u
147,g
147,i
147,r
147,o
147,d
148,l
148,c
149,c
149,h
150,l
150,f
150,b
150,w
150,m
150,t
150,m
150,t
150,z
150,t
150,x
150,z
150,u
150,n
150,i
150,d
151,h
151,c
152,c
152,a
153,c
154,e
154,f
154,b
154,a
154,w
154,s
154,n
154,i
154,d
156,a
157,b
157,a
157,f
157,v
157,b
157,w
157,s
157,n
157,i
157,d
158,c
158,e
158,f
158,b
158,v
158,b
158,w
158,s
158,g
158,p
158,o
158,r
158,i
158,d
159,f
159,b
159,w
159,s
159,i
159,n
159,d
160,j
160,k
161,c
162,h
164,j
164,k
165,l
165,e
165,f
165,b
165,w
165,z
165,x
165,u
165,g
165,o
165,r
165,i
165,d
166,c
166,l
167,c
168,f
168,e
168,l
168,b
168,v
168,b
168,w
168,z
168,x
168,u
168,n
168,i
168,d
169,k
169,j
170,l
170,c
170,b
170,f
170,e
170,v
170,b
170,v
170,b
170,w
170,z
170,x
170,t
170,x
170,z
170,t
170,m
170,t
170,m
170,u
170,n
170,i
170,d
172,h
173,a
173,b
173,e
173,v
173,b
173,v
173,b
173,v
173,b
173,v
173,b
173,v
173,b
173,w
173,s
173,o
173,g
173,i
173,r
173,d
174,c
175,h
176,b
176,w
176,c
176,z
176,f
176,l
176,x
176,t
176,m
176,u
176,n
176,i
176,d
177,h
177,e
177,f
177,b
177,w
177,s
177,i
177,n
177,d
178,c
179,b
179,v
179,e
179,c
179,f
179,k
179,j
179,b
179,v
179,b
179,w
179,x
179,z
179,t
179,x
179,u
179,n
179,i
179,d
180,j
180,k
181,a
182,f
182,a
182,b
182,w
182,s
182,n
182,i
182,d
183,b
183,f
183,e
183,v
183,b
183,w
183,x
183,z
183,t
183,m
183,u
183,i
183,n
183,d
184,e
184,b
184,w
184,s
184,f
184,g
184,r
184,i
184,o
184,d
186,h
186,c
187,h
188,f
188,b
188,v
188,b
188,v
188,b
188,v
188,b
188,w
188,x
188,u
188,n
188,i
188,d
189,e
189,b
189,f
189,v
189,b
189,w
189,x
189,t
189,m
189,t
189,x
189,z
189,t
189,m
189,t
189,x
189,z
189,t
189,z
189,u
189,p
189,o
189,i
189,g
189,q
189,y
189,g
189,r
189,d
190,f
190,e
190,h
190,b
190,v
190,b
190,w
190,s
190,i
190,p
190,g
190,o
190,r
190,d
191,b
191,v
191,f
191,a
191,b
191,w
191,s
191,i
191,n
191,d
192,c
193,c
193,a
194,j
194,k
195,e
195,c
195,b
195,v
195,b
195,v
195,b
195,w
195,m
195,t
195,z
195,u
195,i
195,n
195,d
196,h
197,a
198,e
198,c
198,b
198,w
198,s
198,i
198,n
198,d
199,h
200,h
200,c
203,e
203,f
203,b
203,w
203,s
203,o
203,g
203,i
203,q
203,y
203,g
203,r
203,p
203,d
204,l
204,c
206,h
207,b
207,c
207,f
207,v
207,e
207,b
207,v
207,b
207,v
207,b
207,w
207,x
207,u
207,n
207,i
207,d
208,f
208,b
208,a
208,e
208,v
208,b
208,w
208,s
208,p
208,g
208,r
208,i
208,d
209,l
210,b
210,l
210,e
210,v
210,b
210,v
210,b
210,v
210,b
210,w
210,x
210,z
210,t
210,x
210,u
210,i
210,n
210,d
211,c
212,a
213,c
214,j
214,k
215,f
215,k
215,e
215,j
215,b
215,w
215,s
215,i
215,n
215,d
216,a
217,a
218,a
220,f
220,b
220,v
220,b
220,v
220,b
220,w
220,x
220,u
220,i
220,n
220,d
222,c
222,a
223,h
224,f
224,b
224,l
224,w
224,m
224,t
224,m
224,u
224,g
224,o
224,i
224,q
224,p
224,y
224,g
224,r
224,d
226,c
226,l
227,c
227,j
227,k
228,j
228,k
230,c
231,c
233,h
234,e
234,f
234,k
234,b
234,j
234,w
234,z
234,u
234,p
234,i
234,g
234,o
234,q
234,y
234,g
234,q
234,y
234,g
234,r
234,d
235,e
235,b
235,f
235,w
235,z
235,x
235,u
235,n
235,i
235,d
236,j
236,k
236,c
238,c
239,b
239,v
239,e
239,b
239,w
239,z
239,x
239,u
239,i
239,g
239,o
239,p
239,q
239,y
239,g
239,q
239,y
239,g
239,r
239,d
240,h
241,b
241,e
241,f
241,l
241,w
241,s
241,n
241,i
241,d
242,b
242,k
242,j
242,w
242,f
242,z
242,x
242,u
242,i
242,n
242,d
243,f
243,b
243,w
243,e
243,m
243,t
243,m
243,t
243,x
243,z
243,t
243,m
243,u
243,i
243,n
243,d
244,e
244,f
244,b
244,w
244,s
244,p
244,g
244,q
244,y
244,o
244,i
244,g
244,q
244,y
244,g
244,q
244,y
244,g
244,r
244,d
245,a
246,a
247,f
247,b
247,w
247,k
247,j
247,z
247,x
247,t
247,z
247,t
247,m
247,t
247,m
247,u
247,n
247,i
247,d
248,b
248,f
248,w
248,e
248,m
248,t
248,x
248,u
248,n
248,i
248,d
250,b
250,e
250,a
250,w
250,s
250,n
250,i
250,d
251,a
253,c
255,l
255,c
256,f
256,c
256,b
256,e
256,w
256,x
256,z
256,t
256,m
256,t
256,m
256,t
256,z
256,x
256,u
256,n
256,i
256,d
257,a
258,c
259,b
259,f
259,a
259,w
259,e
259,m
259,t
259,x
259,z
259,t
259,m
259,u
259,i
259,n
259,d
260,e
260,k
260,j
260,b
260,v
260,b
260,w
260,s
260,i
260,p
260,o
260,g
260,q
260,y
260,g
260,q
260,y
260,g
260,q
260,y
260,g
260,q
260,y
260,g
260,r
260,d
261,a
262,l
262,c
263,h
264,a
265,c
265,f
265,b
265,l
265,v
265,b
265,v
265,b
265,w
265,z
265,t
265,z
265,t
265,x
265,z
265,t
265,x
265,t
265,z
265,x
265,t
265,x
265,t
265,z
265,u
265,n
265,i
265,d
267,h
269,c
270,c
273,l
274,e
274,f
274,b
274,w
274,s
274,i
274,n
274,d
275,l
276,h
277,c
277,h
278,l
278,c
278,e
278,b
278,w
278,s
278,i
278,g
278,o
278,p
278,q
278,y
278,g
278,q
278,y
278,g
278,q
278,y
278,g
278,r
278,d
280,l
282,b
282,v
282,f
282,b
282,w
282,m
282,t
282,x
282,u
282,n
282,i
282,d
283,a
283,b
283,c
283,f
283,v
283,e
283,b
283,v
283,b
283,w
283,m
283,u
283,n
283,i
283,d
284,h
284,c
286,c
287,l
288,e
288,b
288,w
288,z
288,x
288,t
288,m
288,u
288,o
288,g
288,i
288,p
288,r
288,d
289,h
290,h
290,c
291,h
292,a
292,c
293,c
294,k
294,j
295,k
295,f
295,j
295,b
295,v
295,b
295,w
295,s
295,i
295,n
295,d
296,c
296,l
297,c
299,l
300,c
300,a
301,b
301,l
301,f
301,e
301,v
301,b
301,w
301,s
301,p
301,i
301,o
301,g
301,r
301,d
303,a
304,a
304,c
306,c
306,h
308,a
310,b
310,f
310,e
310,v
310,b
310,w
310,m
310,u
310,o
310,i
310,p
310,g
310,q
310,y
310,g
310,q
310,y
310,g
310,q
310,y
310,g
310,r
310,d
311,l
312,c
313,j
313,k
314,f
314,e
314,b
314,v
314,b
314,w
314,x
314,t
314,z
314,x
314,t
314,x
314,z
314,u
314,n
314,i
314,d
315,c
316,c
316,e
316,h
316,b
316,v
316,b
316,w
316,z
316,x
316,t
316,z
316,x
316,u
316,i
316,n
316,d
318,b
318,v
318,e
318,b
318,v
318,b
318,v
318,b
318,w
318,m
318,t
318,z
318,x
318,u
318,n
318,i
318,d
319,c
319,l
320,c
320,a
321,b
321,l
321,e
321,f
321,v
321,b
321,w
321,m
321,u
321,n
321,i
321,d
322,a
323,a
323,b
323,e
323,v
323,b
323,w
323,m
323,u
323,p
323,i
323,g
323,r
323,d
324,b
324,v
324,f
324,b
324,w
324,x
324,z
324,t
324,m
324,u
324,i
324,n
324,d
325,e
325,b
325,v
325,b
325,w
325,s
325,g
325,p
325,i
325,r
325,d
326,c
329,a
331,l
332,h
332,c
333,a
333,c
335,a
335,e
335,b
335,w
335,s
335,o
335,i
335,g
335,p
335,q
335,y
335,g
335,r
335,d
336,h
337,f
337,b
337,v
337,b
337,w
337,x
337,z
337,t
337,m
337,u
337,n
337,i
337,d
338,l
339,a
340,l
341,c
343,a
344,a
345,b
345,e
345,k
345,f
345,j
345,w
345,s
345,g
345,i
345,p
345,q
345,y
345,g
345,q
345,y
345,g
345,r
345,d
346,h
347,h
348,l
349,a
350,c
350,k
350,j
351,h
351,e
351,b
351,f
351,v
351,b
351,w
351,s
351,g
351,o
351,i
351,p
351,r
351,d
352,a
352,c
353,h
353,b
353,e
353,w
353,s
353,n
353,i
353,d
354,c
354,h
355,c
355,l
356,c
357,e
357,h
357,b
357,v
357,b
357,w
357,m
357,t
357,m
357,u
357,p
357,i
357,o
357,g
357,r
357,d
358,b
358,e
358,w
358,s
358,n
358,i
358,d
360,h
362,a
362,c
363,h
363,c
364,k
364,b
364,e
364,j
364,v
364,b
364,f
364,w
364,m
364,t
364,z
364,u
364,n
364,i
364,d
366,c
367,e
367,b
367,f
367,w
367,s
367,n
367,i
367,d
368,b
368,w
368,m
368,c
368,e
368,u
368,o
368,h
368,f
368,p
368,g
368,i
368,q
368,y
368,g
368,r
368,d
370,c
370,l
371,b
371,e
371,w
371,f
371,m
371,u
371,g
371,i
371,o
371,p
371,q
371,y
371,g
371,r
371,d
372,a
373,a
375,c
375,b
375,v
375,l
375,f
375,e
375,b
375,v
375,b
375,w
375,s
375,n
375,i
375,d
376,l
377,c
377,h
379,c
379,b
379,f
379,w
379,s
379,n
379,i
379,d
380,c
381,f
381,b
381,w
381,c
381,e
381,z
381,x
381,t
381,m
381,t
381,m
381,u
381,i
381,n
381,d
382,c
382,a
383,c
384,j
384,k
385,b
385,f
385,h
385,v
385,b
385,v
385,b
385,v
385,b
385,w
385,s
385,p
385,i
385,g
385,q
385,y
385,g
385,q
385,y
385,g
385,q
385,y
385,g
385,q
385,y
385,g
385,q
385,y
385,g
385,r
385,d
387,j
387,k
389,h
390,f
390,e
390,b
390,w
390,m
390,t
390,m
390,t
390,m
390,t
390,m
390,t
390,m
390,t
390,x
390,u
390,i
390,n
390,d
391,j
391,k
392,f
392,e
392,b
392,v
392,b
392,v
392,b
392,v
392,b
392,v
392,b
392,v
392,b
392,v
392,b
392,v
392,b
392,w
392,z
392,x
392,t
392,m
392,t
392,m
392,u
392,i
392,n
392,d
393,k
393,c
393,j
394,a
394,b
394,w
394,s
394,e
394,o
394,i
394,p
394,g
394,r
394,d
395,k
395,j
396,c
397,h
399,l
400,e
400,f
400,b
400,c
400,w
400,s
400,g
400,p
400,r
400,i
400,d
402,l
404,h
405,f
405,e
405,b
405,c
405,v
405,l
405,b
405,v
405,b
405,w
405,s
405,i
405,n
405,d
406,e
406,a
406,b
406,v
406,c
406,b
406,w
406,s
406,i
406,n
406,d
407,l
408,f
408,e
408,b
408,v
408,b
408,w
408,s
408,o
408,g
408,p
408,i
408,q
408,y
408,g
408,r
408,d
413,b
413,f
413,j
413,k
413,w
413,s
413,i
413,n
413,d
414,f
414,b
414,v
414,b
414,v
414,b
414,v
414,b
414,v
414,b
414,w
414,x
414,t
414,m
414,u
414,i
414,p
414,g
414,o
414,r
414,d
415,b
415,v
415,b
415,a
415,f
415,w
415,s
415,n
415,i
415,d
416,b
416,f
416,c
416,v
416,e
416,b
416,w
416,s
416,n
416,i
416,d
417,b
417,v
417,e
417,b
417,v
417,b
417,v
417,b
417,w
417,m
417,t
417,z
417,t
417,m
417,t
417,z
417,t
417,m
417,t
417,z
417,u
417,n
417,i
417,d
418,e
418,b
418,w
418,m
418,u
418,n
418,i
418,d
419,c
420,h
421,h
422,b
422,f
422,c
422,h
422,v
422,b
422,w
422,x
422,z
422,t
422,m
422,u
422,n
422,i
422,d
424,c
425,l
426,c
427,l
429,h
430,l
431,e
431,b
431,v
431,b
431,v
431,b
431,v
431,b
431,w
431,m
431,t
431,z
431,t
431,x
431,u
431,p
431,g
431,r
431,i
431,d
433,f
433,e
433,b
433,v
433,b
433,w
433,s
433,n
433,i
433,d
434,c
435,j
435,f
435,k
435,b
435,v
435,b
435,w
435,s
435,i
435,n
435,d
437,b
437,w
437,f
437,c
437,m
437,t
437,m
437,t
437,z
437,x
437,u
437,i
437,g
437,p
437,r
437,d
438,h
438,c
439,b
439,v
439,e
439,b
439,v
439,b
439,w
439,z
439,t
439,z
439,t
439,z
439,u
439,i
439,o
439,g
439,r
439,d
440,h
440,f
440,b
440,w
440,s
440,i
440,n
440,d
441,c
442,c
443,e
443,l
443,b
443,v
443,b
443,v
443,b
443,w
443,m
443,u
443,i
443,n
443,d
444,f
444,b
444,v
444,b
444,w
444,m
444,t
444,m
444,t
444,m
444,u
444,i
444,n
444,d
445,k
445,j
446,a
447,h
447,c
448,b
448,l
448,w
448,e
448,m
448,t
448,z
448,x
448,u
448,p
448,g
448,i
448,q
448,y
448,g
448,q
448,y
448,g
448,q
448,y
448,g
448,q
448,y
448,g
448,q
448,y
448,g
448,q
448,y
448,g
448,q
448,y
448,g
448,r
448,d
449,c
449,k
449,j
450,f
450,e
450,b
450,v
450,l
450,b
450,v
450,b
450,v
450,b
450,v
450,b
450,v
450,b
450,v
450,b
450,w
450,z
450,t
450,m
450,u
450,p
450,i
450,o
450,g
450,r
450,d
451,j
451,k
452,l
452,c
453,a
453,f
453,b
453,w
453,x
453,z
453,u
453,n
453,i
453,d
454,c
456,f
456,e
456,b
456,h
456,v
456,b
456,v
456,b
456,w
456,x
456,u
456,i
456,g
456,o
456,r
456,d
457,e
457,l
457,b
457,v
457,b
457,v
457,b
457,v
457,b
457,w
457,m
457,u
457,i
457,n
457,d
458,k
458,e
458,b
458,j
458,f
458,w
458,m
458,u
458,n
458,i
458,d
459,j
459,k
460,b
460,h
460,e
460,f
460,w
460,c
460,m
460,u
460,n
460,i
460,d
461,a
461,c
462,a
465,f
465,c
465,e
465,b
465,v
465,b
465,v
465,b
465,v
465,b
465,v
465,b
465,v
465,b
465,w
465,s
465,o
465,g
465,q
465,i
465,y
465,g
465,r
465,d
466,b
466,e
466,w
466,s
466,i
466,n
466,d
467,e
467,f
467,l
467,b
467,w
467,s
467,p
467,g
467,i
467,o
467,r
467,d
468,k
468,c
468,f
468,b
468,e
468,j
468,w
468,s
468,i
468,n
468,d
469,b
469,e
469,v
469,b
469,v
469,b
469,v
469,b
469,w
469,s
469,i
469,n
469,d
470,e
470,b
470,f
470,v
470,b
470,w
470,s
470,g
470,i
470,p
470,o
470,q
470,y
470,g
470,q
470,y
470,g
470,q
470,y
470,g
470,q
470,y
470,g
470,q
470,y
470,g
470,q
470,y
470,g
470,q
470,y
470,g
470,q
470,y
470,g
470,r
470,d
472,b
472,e
472,v
472,b
472,v
472,b
472,w
472,s
472,o
472,g
472,q
472,i
472,y
472,g
472,q
472,y
472,g
472,r
472,d
474,e
474,c
474,b
474,w
474,f
474,s
474,n
474,i
474,d
475,e
475,c
475,b
475,f
475,v
475,b
475,v
475,b
475,v
475,b
475,w
475,s
475,n
475,i
475,d
476,h
477,c
477,j
477,k
478,c
478,e
478,k
478,j
478,b
478,f
478,w
478,m
478,u
478,n
478,i
478,d
480,b
480,e
480,v
480,b
480,w
480,s
480,n
480,i
480,d
481,l
482,k
482,j
482,c
483,b
483,e
483,v
483,f
483,c
483,h
483,b
483,w
483,s
483,o
483,g
483,i
483,q
483,y
483,g
483,r
483,d
484,c
485,a
486,b
486,a
486,v
486,e
486,b
486,v
486,b
486,w
486,z
486,u
486,i
486,n
486,d
487,e
487,l
487,b
487,f
487,v
487,b
487,v
487,b
487,v
487,b
487,v
487,b
487,w
487,s
487,i
487,n
487,d
488,b
488,e
488,f
488,h
488,w
488,s
488,g
488,p
488,r
488,i
488,o
488,d
489,h
490,b
490,w
490,s
490,f
490,i
490,o
490,c
490,g
490,p
490,r
490,d
491,j
491,k
493,f
493,l
493,b
493,e
493,v
493,b
493,w
493,s
493,n
493,i
493,d
494,h
494,e
494,b
494,w
494,m
494,t
494,m
494,u
494,i
494,n
494,d
495,c
495,b
495,e
495,v
495,b
495,w
495,x
495,z
495,u
495,i
495,n
495,d
496,a
496,c
497,c
498,b
498,e
498,c
498,v
498,b
498,v
498,b
498,v
498,b
498,v
498,b
498,w
498,s
498,n
498,i
498,d
499,e
499,b
499,l
499,w
499,s
499,i
499,n
499,d
500,k
500,j
500,c
501,b
501,e
501,h
501,w
501,z
501,x
501,t
501,m
501,u
501,i
501,p
501,g
501,r
501,d
502,a
502,c
503,b
503,e
503,v
503,b
503,w
503,s
503,p
503,i
503,g
503,q
503,y
503,g
503,q
503,y
503,g
503,r
503,d
504,a
505,f
505,e
505,b
505,v
505,b
505,v
505,b
505,v
505,b
505,w
505,s
505,o
505,i
505,g
505,p
505,q
505,y
505,g
505,q
505,y
505,g
505,r
505,d
506,l
506,f
506,b
506,e
506,w
506,m
506,t
506,m
506,u
506,n
506,i
506,d
507,c
507,a
508,c
509,c
509,a
510,a
511,c
513,l
514,f
514,b
514,w
514,x
514,z
514,u
514,g
514,r
514,i
514,o
514,p
514,d
515,e
515,b
515,w
515,s
515,o
515,p
515,g
515,r
515,i
515,d
516,j
516,k
517,c
517,e
517,b
517,f
517,w
517,s
517,o
517,g
517,p
517,i
517,q
517,y
517,g
517,q
517,y
517,g
517,q
517,y
517,g
517,r
517,d
518,e
518,b
518,w
518,s
518,n
518,i
518,d
519,c
519,b
519,w
519,s
519,e
519,i
519,n
519,d
521,f
521,a
521,b
521,c
521,v
521,b
521,v
521,b
521,v
521,b
521,v
521,b
521,w
521,m
521,u
521,i
521,n
521,d
522,h
523,c
523,e
523,f
523,b
523,w
523,x
523,z
523,t
523,x
523,u
523,n
523,i
523,d
524,k
524,j
525,c
526,b
526,e
526,w
526,f
526,z
526,u
526,i
526,g
526,p
526,r
526,d
527,h
527,c
528,e
528,b
528,f
528,l
528,w
528,z
528,t
528,x
528,t
528,m
528,u
528,g
528,r
528,i
528,o
528,p
528,d
529,b
529,w
529,f
529,s
529,g
529,q
529,i
529,o
529,y
529,g
529,r
529,d
530,a
531,b
531,w
531,f
531,c
531,e
531,m
531,t
531,m
531,u
531,i
531,p
531,o
531,g
531,r
531,d
533,c
534,c
534,b
534,f
534,e
534,w
534,s
534,p
534,i
534,g
534,r
534,d
536,a
536,c
538,l
539,c
539,a
540,j
540,k
541,c
541,h
542,a
542,c
544,c
544,k
544,j
545,c
546,j
546,k
547,l
548,b
548,f
548,w
548,z
548,e
548,x
548,t
548,z
548,t
548,x
548,z
548,t
548,z
548,x
548,u
548,i
548,n
548,d
549,e
549,h
549,b
549,f
549,v
549,b
549,v
549,b
549,v
549,b
549,v
549,b
549,v
549,b
549,w
549,m
549,u
549,n
549,i
549,d
550,l
551,c
551,l
552,l
553,c
554,e
554,b
554,f
554,h
554,w
554,m
554,t
554,m
554,u
554,n
554,i
554,d
555,c
555,l
556,b
556,a
556,f
556,v
556,b
556,w
556,s
556,g
556,i
556,o
556,r
556,d
557,l
558,h
560,h
561,b
561,k
561,v
561,j
561,f
561,e
561,b
561,w
561,s
561,n
561,i
561,d
562,l
563,c
564,h
564,f
564,e
564,b
564,w
564,m
564,t
564,x
564,z
564,t
564,x
564,z
564,t
564,z
564,t
564,m
564,u
564,n
564,i
564,d
565,a
568,b
568,e
568,w
568,f
568,z
568,u
568,p
568,g
568,o
568,i
568,q
568,y
568,g
568,q
568,y
568,g
568,r
568,d
570,l
571,c
572,e
572,h
572,f
572,b
572,c
572,v
572,b
572,w
572,m
572,u
572,i
572,n
572,d
573,j
573,k
574,h
576,j
576,b
576,e
576,k
576,f
576,v
576,b
576,v
576,b
576,v
576,b
576,w
576,s
576,o
576,p
576,g
576,i
576,q
576,y
576,g
576,q
576,y
576,g
576,q
576,y
576,g
576,q
576,y
576,g
576,r
576,d
577,e
577,a
577,f
577,b
577,w
577,c
577,s
577,i
577,n
577,d
578,f
578,e
578,b
578,w
578,m
578,u
578,n
578,i
578,d
580,l
581,c
581,l
582,h
583,a
585,f
585,b
585,e
585,v
585,b
585,c
585,h
585,v
585,b
585,v
585,b
585,v
585,b
585,w
585,s
585,n
585,i
585,d
586,c
587,e
587,f
587,c
587,b
587,w
587,m
587,u
587,n
587,i
587,d
588,e
588,f
588,b
588,w
588,x
588,u
588,g
588,o
588,i
588,q
588,y
588,g
588,q
588,y
588,g
588,q
588,y
588,g
588,q
588,y
588,g
588,r
588,d
590,c
590,l
593,a
593,c
594,j
594,k
595,c
596,c
596,h
598,e
598,b
598,c
598,f
598,v
598,b
598,v
598,b
598,w
598,m
598,t
598,x
598,u
598,g
598,p
598,i
598,q
598,y
598,g
598,q
598,y
598,g
598,r
598,d
599,c
600,a
600,c
601,e
601,b
601,w
601,f
601,s
601,i
601,p
601,g
601,q
601,y
601,g
601,r
601,d
603,c
603,b
603,a
603,f
603,w
603,x
603,t
603,x
603,z
603,t
603,m
603,t
603,z
603,u
603,g
603,i
603,p
603,r
603,d
604,a
605,f
605,b
605,w
605,s
605,p
605,i
605,g
605,r
605,d
606,f
606,a
606,c
606,b
606,w
606,s
606,i
606,n
606,d
607,c
608,c
608,a
609,c
609,a
610,b
610,e
610,f
610,a
610,w
610,z
610,x
610,t
610,z
610,u
610,o
610,p
610,i
610,g
610,q
610,y
610,g
610,q
610,y
610,g
610,q
610,y
610,g
610,q
610,y
610,g
610,q
610,y
610,g
610,q
610,y
610,g
610,r
610,d
611,a
612,l
613,j
613,k
613,c
614,b
614,e
614,w
614,m
614,u
614,i
614,n
614,d
615,c
615,k
615,j
616,e
616,c
616,b
616,w
616,s
616,i
616,g
616,o
616,p
616,q
616,y
616,g
616,r
616,d
617,f
617,b
617,v
617,b
617,w
617,m
617,u
617,i
617,n
617,d
618,e
618,b
618,w
618,c
618,s
618,i
618,n
618,d
620,h
621,l
621,c
622,b
622,e
622,w
622,s
622,i
622,o
622,g
622,r
622,d
624,c
624,b
624,e
624,w
624,z
624,x
624,u
624,i
624,n
624,d
625,k
625,j
625,b
625,e
625,v
625,b
625,v
625,b
625,v
625,b
625,w
625,m
625,t
625,m
625,u
625,n
625,i
625,d
626,c
628,c
629,a
630,c
630,f
630,e
630,b
630,v
630,b
630,v
630,b
630,w
630,x
630,t
630,z
630,x
630,t
630,z
630,x
630,u
630,p
630,o
630,i
630,g
630,q
630,y
630,g
630,r
630,d
631,h
632,b
632,e
632,w
632,h
632,x
632,z
632,t
632,z
632,x
632,u
632,n
632,i
632,d
633,j
633,c
633,k
634,a
635,b
635,c
635,l
635,f
635,e
635,v
635,b
635,w
635,s
635,p
635,o
635,i
635,g
635,r
635,d
636,c
637,h
638,f
638,c
638,b
638,w
638,l
638,m
638,u
638,g
638,o
638,i
638,p
638,r
638,d
639,l
640,a
640,c
641,e
641,b
641,f
641,v
641,b
641,w
641,m
641,t
641,z
641,x
641,t
641,x
641,u
641,i
641,p
641,g
641,q
641,y
641,g
641,q
641,y
641,g
641,r
641,d
642,b
642,e
642,f
642,v
642,b
642,v
642,b
642,v
642,b
642,w
642,s
642,i
642,g
642,p
642,r
642,d
643,h
644,a
644,f
644,b
644,w
644,e
644,x
644,t
644,m
644,u
644,i
644,o
644,g
644,r
644,d
646,c
647,k
647,j
648,c
649,c
649,e
649,b
649,v
649,b
649,w
649,s
649,o
649,i
649,g
649,r
649,p
649,d
650,c
651,c
652,h
652,f
652,b
652,v
652,b
652,w
652,m
652,u
652,n
652,i
652,d
653,h
653,c
655,j
655,k
655,c
657,b
657,f
657,w
657,e
657,s
657,n
657,i
657,d
658,e
658,b
658,f
658,c
658,v
658,b
658,w
658,m
658,t
658,m
658,u
658,p
658,g
658,i
658,r
658,d
659,a
660,c
662,b
662,f
662,e
662,w
662,s
662,i
662,n
662,d
663,f
663,b
663,c
663,e
663,w
663,m
663,u
663,i
663,n
663,d
664,e
664,c
664,b
664,v
664,b
664,v
664,f
664,b
664,w
664,s
664,p
664,i
664,g
664,o
664,r
664,d
665,c
665,l
667,h
668,j
668,k
669,e
669,b
669,w
669,f
669,s
669,i
669,n
669,d
670,b
670,f
670,v
670,b
670,w
670,s
670,i
670,g
670,o
670,r
670,d
672,c
673,k
673,j
674,e
674,b
674,w
674,f
674,s
674,g
674,i
674,o
674,p
674,r
674,d
675,c
676,h
677,k
677,b
677,w
677,e
677,m
677,j
677,t
677,x
677,t
677,z
677,x
677,u
677,n
677,i
677,d
678,f
678,b
678,e
678,v
678,b
678,v
678,b
678,w
678,s
678,p
678,i
678,g
678,q
678,y
678,g
678,q
678,y
678,g
678,q
678,y
678,g
678,r
678,d
679,c
680,l
681,h
681,c
682,h
683,h
684,l
687,l
689,h
692,e
692,f
692,b
692,v
692,b
692,w
692,s
692,i
692,n
692,d
693,l
693,c
694,e
694,b
694,f
694,w
694,x
694,z
694,u
694,p
694,i
694,o
694,g
694,q
694,y
694,g
694,r
694,d
695,h
697,j
697,k
697,c
700,b
700,e
700,v
700,f
700,b
700,v
700,b
700,v
700,b
700,w
700,x
700,z
700,t
700,m
700,t
700,x
700,z
700,t
700,z
700,x
700,t
700,m
700,t
700,m
700,u
700,g
700,o
700,i
700,r
700,p
700,d
701,f
701,c
701,b
701,w
701,m
701,u
701,i
701,n
701,d
702,a
702,c
703,c
703,h
704,h
705,c
706,c
706,l
706,b
706,f
706,w
706,s
706,g
706,o
706,r
706,i
706,d
708,e
708,b
708,k
708,j
708,v
708,b
708,w
708,x
708,z
708,u
708,n
708,i
708,d
709,c
710,c
710,k
710,j
711,a
712,a
713,f
713,e
713,c
713,b
713,a
713,v
713,b
713,v
713,b
713,v
713,b
713,w
713,z
713,u
713,o
713,p
713,i
713,g
713,r
713,d
714,l
714,c
715,c
717,b
717,f
717,v
717,b
717,v
717,b
717,v
717,b
717,w
717,s
717,g
717,o
717,i
717,r
717,d
718,b
718,f
718,e
718,v
718,b
718,w
718,z
718,x
718,u
718,i
718,n
718,d
720,j
720,f
720,b
720,k
720,v
720,b
720,w
720,s
720,i
720,n
720,d
721,c
721,h
722,a
723,c
726,l
727,c
728,c
729,f
729,b
729,l
729,v
729,b
729,w
729,m
729,u
729,i
729,o
729,g
729,q
729,y
729,g
729,q
729,y
729,g
729,q
729,y
729,g
729,r
729,d
730,c
730,l
731,e
731,b
731,f
731,v
731,b
731,v
731,b
731,v
731,b
731,w
731,m
731,t
731,x
731,z
731,t
731,m
731,t
731,z
731,x
731,t
731,m
731,u
731,i
731,p
731,o
731,g
731,q
731,y
731,g
731,r
731,d
732,c
732,l
733,c
735,k
735,j
736,c
737,j
737,k
737,c
739,c
739,b
739,f
739,v
739,b
739,v
739,b
739,w
739,s
739,p
739,g
739,i
739,o
739,q
739,y
739,g
739,r
739,d
740,c
741,c
741,b
741,w
741,m
741,e
741,f
741,h
741,t
741,z
741,x
741,u
741,i
741,g
741,r
741,p
741,d
742,a
742,c
742,f
742,b
742,w
742,m
742,u
742,n
742,i
742,d
743,l
744,b
744,f
744,h
744,w
744,e
744,m
744,u
744,g
744,r
744,i
744,p
744,o
744,d
745,c
748,c
748,a
750,f
750,l
750,e
750,c
750,b
750,w
750,s
750,o
750,i
750,g
750,p
750,q
750,y
750,g
750,q
750,y
750,g
750,q
750,y
750,g
750,r
750,d
751,b
751,v
751,e
751,k
751,j
751,b
751,v
751,b
751,w
751,s
751,o
751,i
751,g
751,p
751,r
751,d
754,h
754,c
755,k
755,j
755,c
757,h
758,c
759,b
759,e
759,v
759,c
759,b
759,v
759,b
759,v
759,b
759,w
759,s
759,i
759,p
759,g
759,q
759,y
759,g
759,q
759,y
759,g
759,r
759,d
761,b
761,w
761,c
761,f
761,s
761,g
761,q
761,o
761,y
761,g
761,i
761,r
761,d
762,c
762,l
764,b
764,w
764,f
764,s
764,i
764,n
764,d
765,b
765,e
765,w
765,f
765,m
765,c
765,u
765,o
765,g
765,p
765,r
765,i
765,d
766,l
766,c
767,e
767,h
767,f
767,b
767,v
767,b
767,v
767,b
767,w
767,s
767,n
767,i
767,d
768,h
769,c
769,h
770,b
770,c
770,w
770,f
770,s
770,g
770,o
770,i
770,q
770,y
770,g
770,r
770,d
771,j
771,k
773,h
773,c
774,l
774,b
774,e
774,w
774,m
774,t
774,m
774,t
774,x
774,z
774,t
774,m
774,t
774,x
774,t
774,x
774,z
774,u
774,i
774,n
774,d
777,c
778,h
778,b
778,e
778,w
778,s
778,n
778,i
778,d
779,a
780,f
780,a
780,b
780,v
780,b
780,w
780,m
780,u
780,n
780,i
780,d
781,j
781,c
781,k
782,e
782,b
782,k
782,v
782,j
782,f
782,b
782,v
782,b
782,v
782,b
782,v
782,b
782,w
782,s
782,n
782,i
782,d
783,j
783,k
783,f
783,b
783,w
783,s
783,o
783,i
783,g
783,r
783,d
785,h
787,h
787,c
788,f
788,c
788,h
788,b
788,v
788,b
788,v
788,b
788,w
788,m
788,u
788,o
788,i
788,g
788,p
788,q
788,y
788,g
788,q
788,y
788,g
788,q
788,y
788,g
788,q
788,y
788,g
788,r
788,d
789,c
790,l
791,e
791,b
791,f
791,w
791,z
791,x
791,l
791,u
791,n
791,i
791,d
792,e
792,j
792,b
792,k
792,v
792,b
792,v
792,b
792,v
792,b
792,w
792,s
792,i
792,n
792,d
793,a
794,c
795,e
795,f
795,b
795,v
795,b
795,v
795,b
795,w
795,x
795,z
795,t
795,m
795,t
795,m
795,u
795,n
795,i
795,d
797,h
798,h
800,c
800,f
800,e
800,h
800,b
800,v
800,b
800,v
800,b
800,v
800,b
800,w
800,s
800,i
800,n
800,d
801,c
802,a
802,c
803,e
803,l
803,b
803,f
803,c
803,w
803,m
803,t
803,z
803,x
803,t
803,x
803,u
803,p
803,g
803,i
803,r
803,d
805,b
805,f
805,c
805,w
805,m
805,t
805,z
805,x
805,u
805,o
805,i
805,p
805,g
805,r
805,d
806,k
806,j
807,f
807,b
807,v
807,b
807,v
807,b
807,v
807,b
807,w
807,s
807,o
807,i
807,g
807,r
807,d
809,c
809,l
810,c
811,h
812,e
812,b
812,v
812,f
812,b
812,w
812,m
812,u
812,p
812,g
812,q
812,o
812,i
812,y
812,g
812,q
812,y
812,g
812,q
812,y
812,g
812,r
812,d
813,c
814,l
815,l
817,f
817,b
817,v
817,b
817,w
817,x
817,u
817,i
817,g
817,o
817,q
817,y
817,g
817,r
817,d
818,a
819,f
819,h
819,b
819,w
819,s
819,o
819,i
819,p
819,g
819,r
819,d
820,c
821,c
821,h
822,h
822,c
823,b
823,w
823,s
823,e
823,f
823,i
823,g
823,p
823,r
823,d
824,c
825,c
826,b
826,a
826,e
826,v
826,b
826,v
826,b
826,w
826,m
826,u
826,n
826,i
826,d
827,c
828,c
828,a
829,e
829,a
829,b
829,v
829,b
829,w
829,x
829,t
829,z
829,x
829,u
829,i
829,g
829,q
829,p
829,y
829,g
829,q
829,y
829,g
829,r
829,d
830,b
830,a
830,c
830,w
830,f
830,e
830,m
830,u
830,i
830,n
830,d
831,c
831,f
831,b
831,w
831,s
831,n
831,i
831,d
833,f
833,b
833,w
833,s
833,i
833,p
833,o
833,g
833,r
833,d
835,a
835,b
835,e
835,v
835,b
835,w
835,s
835,i
835,n
835,d
837,a
838,l
838,c
839,a
840,j
840,k
841,h
843,l
844,h
845,e
845,f
845,b
845,w
845,m
845,u
845,p
845,i
845,g
845,q
845,y
845,g
845,q
845,y
845,g
845,q
845,y
845,g
845,q
845,y
845,g
845,q
845,y
845,g
845,r
845,d
848,e
848,a
848,b
848,v
848,b
848,v
848,b
848,v
848,b
848,v
848,b
848,w
848,s
848,i
848,p
848,g
848,r
848,d
849,c
851,c
852,c
852,f
852,e
852,b
852,v
852,b
852,w
852,z
852,x
852,t
852,z
852,u
852,i
852,p
852,g
852,r
852,d
854,l
854,b
854,f
854,w
854,z
854,x
854,u
854,n
854,i
854,d
855,a
856,c
856,l
857,j
857,k
857,c
858,c
859,h
860,c
861,c
862,b
862,a
862,w
862,x
862,f
862,z
862,u
862,p
862,g
862,i
862,q
862,y
862,g
862,q
862,y
862,g
862,r
862,d
863,k
863,e
863,j
863,f
863,b
863,v
863,b
863,w
863,s
863,i
863,n
863,d
864,l
865,a
866,b
866,f
866,w
866,l
866,z
866,x
866,u
866,i
866,n
866,d
867,j
867,k
868,c
870,h
870,c
872,c
872,b
872,w
872,e
872,m
872,u
872,i
872,n
872,d
873,e
873,f
873,b
873,w
873,s
873,i
873,n
873,d
874,a
875,b
875,f
875,v
875,b
875,w
875,z
875,x
875,t
875,m
875,u
875,n
875,i
875,d
876,b
876,e
876,w
876,x
876,t
876,z
876,u
876,n
876,i
876,d
877,k
877,j
878,e
878,b
878,j
878,c
878,v
878,k
878,b
878,w
878,m
878,t
878,x
878,z
878,t
878,x
878,t
878,m
878,t
878,m
878,t
878,x
878,z
878,t
878,z
878,u
878,i
878,o
878,g
878,p
878,r
878,d
881,c
882,c
882,h
883,e
883,c
883,b
883,f
883,h
883,w
883,s
883,p
883,g
883,i
883,q
883,y
883,g
883,r
883,d
884,c
884,l
885,l
886,l
887,b
887,k
887,w
887,s
887,i
887,e
887,j
887,f
887,n
887,d
888,j
888,k
891,c
892,h
892,c
892,f
892,e
892,b
892,w
892,s
892,p
892,g
892,o
892,r
892,i
892,d
893,b
893,v
893,e
893,b
893,v
893,b
893,v
893,b
893,w
893,s
893,i
893,n
893,d
894,f
894,b
894,v
894,b
894,w
894,m
894,u
894,i
894,n
894,d
895,c
896,c
898,l
900,a
901,a
902,h
903,c
904,b
904,h
904,e
904,v
904,b
904,w
904,x
904,z
904,u
904,i
904,n
904,d
905,b
905,v
905,e
905,b
905,w
905,s
905,i
905,g
905,q
905,p
905,y
905,g
905,q
905,y
905,g
905,r
905,d
907,a
908,f
908,b
908,c
908,v
908,b
908,w
908,s
908,p
908,i
908,g
908,q
908,y
908,g
908,q
908,y
908,g
908,r
908,d
910,l
912,k
912,b
912,c
912,e
912,j
912,w
912,z
912,x
912,u
912,p
912,g
912,o
912,i
912,r
912,d
913,l
914,c
915,c
916,j
916,k
917,h
917,f
917,b
917,v
917,b
917,v
917,b
917,w
917,m
917,t
917,z
917,u
917,n
917,i
917,d
918,e
918,f
918,b
918,h
918,v
918,b
918,v
918,b
918,v
918,b
918,w
918,m
918,t
918,m
918,t
918,x
918,t
918,z
918,t
918,x
918,z
918,t
918,m
918,u
918,n
918,i
918,d
919,a
921,c
922,b
922,f
922,v
922,a
922,e
922,b
922,v
922,b
922,v
922,b
922,w
922,s
922,p
922,g
922,i
922,r
922,o
922,d
923,c
924,e
924,f
924,b
924,w
924,s
924,n
924,i
924,d
925,f
925,l
925,b
925,w
925,x
925,z
925,u
925,i
925,g
925,p
925,o
925,q
925,y
925,g
925,r
925,d
926,a
927,h
927,e
927,f
927,b
927,v
927,b
927,v
927,b
927,v
927,b
927,w
927,s
927,g
927,r
927,p
927,i
927,d
928,f
928,b
928,w
928,s
928,i
928,n
928,d
929,h
930,j
930,k
931,h
932,a
934,a
935,j
935,k
936,b
936,v
936,b
936,h
936,e
936,v
936,b
936,w
936,s
936,g
936,q
936,o
936,y
936,i
936,g
936,r
936,d
937,h
937,f
937,b
937,e
937,w
937,s
937,n
937,i
937,d
938,j
938,k
939,c
939,e
939,b
939,f
939,w
939,z
939,x
939,u
939,n
939,i
939,d
940,b
940,v
940,f
940,a
940,b
940,e
940,w
940,x
940,z
940,t
940,m
940,u
940,n
940,i
940,d
941,l
942,b
942,e
942,v
942,b
942,v
942,b
942,w
942,m
942,u
942,p
942,i
942,o
942,g
942,q
942,y
942,g
942,q
942,y
942,g
942,q
942,y
942,g
942,r
942,d
943,b
943,c
943,f
943,v
943,b
943,v
943,b
943,w
943,s
943,i
943,n
943,d
944,f
944,e
944,b
944,c
944,v
944,b
944,v
944,b
944,v
944,b
944,v
944,b
944,v
944,b
944,w
944,z
944,t
944,m
944,t
944,x
944,z
944,u
944,p
944,g
944,i
944,q
944,y
944,g
944,q
944,y
944,g
944,r
944,d
945,e
945,h
945,c
945,b
945,v
945,b
945,w
945,s
945,o
945,i
945,g
945,p
945,r
945,d
948,b
948,v
948,f
948,e
948,c
948,b
948,w
948,s
948,p
948,o
948,g
948,i
948,r
948,d
951,a
952,c
952,e
952,b
952,w
952,m
952,t
952,m
952,u
952,n
952,i
952,d
953,e
953,f
953,b
953,w
953,s
953,i
953,g
953,p
953,o
953,r
953,d
955,e
955,b
955,f
955,a
955,w
955,z
955,t
955,m
955,t
955,x
955,z
955,t
955,z
955,u
955,n
955,i
955,d
956,e
956,b
956,v
956,f
956,b
956,w
956,m
956,t
956,m
956,u
956,i
956,p
956,o
956,g
956,r
956,d
957,c
958,c
959,f
959,b
959,a
959,e
959,c
959,w
959,m
959,t
959,z
959,t
959,z
959,u
959,g
959,p
959,q
959,i
959,y
959,g
959,r
959,d
960,b
960,w
960,e
960,s
960,p
960,o
960,g
960,i
960,r
960,d
961,k
961,j
961,c
961,e
961,b
961,w
961,s
961,g
961,p
961,i
961,r
961,d
963,c
964,c
965,e
965,b
965,a
965,c
965,w
965,s
965,i
965,o
965,p
965,g
965,q
965,y
965,g
965,q
965,y
965,g
965,q
965,y
965,g
965,q
965,y
965,g
965,q
965,y
965,g
965,r
965,d
967,b
967,f
967,w
967,s
967,n
967,i
967,d
968,b
968,e
968,l
968,w
968,m
968,u
968,i
968,n
968,d
969,l
970,b
970,c
970,f
970,v
970,e
970,b
970,v
970,b
970,w
970,m
970,u
970,n
970,i
970,d
973,a
974,l
975,a
976,b
976,e
976,w
976,s
976,n
976,i
976,d
977,c
978,h
979,c
980,b
980,f
980,l
980,w
980,s
980,n
980,i
980,d
981,c
981,l
982,c
983,c
984,c
985,b
985,j
985,f
985,v
985,k
985,b
985,w
985,s
985,g
985,p
985,r
985,i
985,d
988,a
989,k
989,j
990,b
990,v
990,b
990,e
990,w
990,z
990,x
990,t
990,x
990,z
990,u
990,i
990,n
990,d
991,l
993,b
993,f
993,v
993,b
993,c
993,v
993,b
993,w
993,s
993,n
993,i
993,d
994,h
995,h
995,e
995,b
995,f
995,w
995,s
995,i
995,n
995,d
996,c
997,h
